<?xml version="1.0" encoding="UTF-8"?> <beans xmlns="http://www.springframework.org/schema/beans"  
   xmlns:xsi="http://www.w3.org/2001/XMLSchema-instance" 
   xsi:schemaLocation="http://www.springframework.org/schema/beans   
   http://www.springframework.org/schema/beans/spring-beans-3.0.xsd"> 

   <bean id="randomNumberGenerator" class="com.hexaware.springcoredemo.RandomNumberGenerator">
      <property name="randomNumber" value="#{ T(java.lang.Math).random() * 100.0 }"/>
   </bean> 
   <bean id="employee" class="com.hexaware.springcoredemo.Employee">
      <property name="id" value="#{ randomNumberGenerator.randomNumber }"/>
      <property name="country" value="#{ systemProperties['user.country'] }"/>
      <property name="name" value="coco"/>
   </bean> 
</beans> 
